n,time_sec,gflop,gflop_s,memory_mb 
200,0.003236,0.016,4.9447,0.92
400,0.019184,0.128,6.6722,3.66
800,0.166670,1.024,6.1439,14.65
1200,0.631440,3.456,5.4732,32.96
1600,1.809812,8.192,4.5264,58.59
2000,4.450734,16.000,3.5949,91.55
